-- MySQL dump 10.13  Distrib 8.0.38, for Linux (x86_64)
--
-- Host: localhost    Database: scc
-- ------------------------------------------------------
-- Server version	8.0.38

/*!40101 SET @OLD_CHARACTER_SET_CLIENT=@@CHARACTER_SET_CLIENT */;
/*!40101 SET @OLD_CHARACTER_SET_RESULTS=@@CHARACTER_SET_RESULTS */;
/*!40101 SET @OLD_COLLATION_CONNECTION=@@COLLATION_CONNECTION */;
/*!50503 SET NAMES utf8mb4 */;
/*!40103 SET @OLD_TIME_ZONE=@@TIME_ZONE */;
/*!40103 SET TIME_ZONE='+00:00' */;
/*!40014 SET @OLD_UNIQUE_CHECKS=@@UNIQUE_CHECKS, UNIQUE_CHECKS=0 */;
/*!40014 SET @OLD_FOREIGN_KEY_CHECKS=@@FOREIGN_KEY_CHECKS, FOREIGN_KEY_CHECKS=0 */;
/*!40101 SET @OLD_SQL_MODE=@@SQL_MODE, SQL_MODE='NO_AUTO_VALUE_ON_ZERO' */;
/*!40111 SET @OLD_SQL_NOTES=@@SQL_NOTES, SQL_NOTES=0 */;

--
-- Table structure for table `clientes`
--

DROP TABLE IF EXISTS `clientes`;
/*!40101 SET @saved_cs_client     = @@character_set_client */;
/*!50503 SET character_set_client = utf8mb4 */;
CREATE TABLE `clientes` (
  `id_cliente` int NOT NULL AUTO_INCREMENT,
  `gestor` varchar(255) COLLATE utf8mb4_general_ci DEFAULT NULL,
  `razon_social` varchar(255) COLLATE utf8mb4_general_ci DEFAULT NULL,
  PRIMARY KEY (`id_cliente`)
) ENGINE=InnoDB AUTO_INCREMENT=200 DEFAULT CHARSET=utf8mb4 COLLATE=utf8mb4_general_ci;
/*!40101 SET character_set_client = @saved_cs_client */;

--
-- Dumping data for table `clientes`
--

LOCK TABLES `clientes` WRITE;
/*!40000 ALTER TABLE `clientes` DISABLE KEYS */;
INSERT INTO `clientes` VALUES (1,'URIEL','JOSE LUIS NUNEZ ANDRADE'),(2,'URIEL','TRAMUSA CARRIER, S.A. DE C.V.'),(3,'ROSA','TRUCK EXPRESS CIVAC'),(4,'ROSA','TRUCK EXPRESS CIVAC'),(5,'ROSA','TRUCK EXPRESS CIVAC'),(6,'ROSA','TRUCK EXPRESS CIVAC'),(7,'ROSA','TRUCK EXPRESS CIVAC'),(8,'DIANAAA','AUTOBUSES VERDES DE MORELOS'),(9,'DIANAAA','AUTOBUSES VERDES DE MORELOS'),(10,'DIANAAA','AUTOBUSES VERDES DE MORELOS'),(11,'DIANAAA','AUTOBUSES VERDES DE MORELOS'),(12,'DIANAAA','AUTOBUSES VERDES DE MORELOS'),(13,'DIANAAA','AUTOBUSES VERDES DE MORELOS'),(14,'DIANAAA','AUTOBUSES VERDES DE MORELOS'),(15,'DIANAAA','AUTOBUSES VERDES DE MORELOS'),(16,'DIANAAA','AUTOBUSES VERDES DE MORELOS'),(17,'URIEL','TRANSPORTADORA JL'),(18,'URIEL','TRANSPORTADORA JL'),(19,'URIEL','TRANSPORTADORA JL'),(20,'URIEL','TRANSPORTADORA JL'),(21,'URIEL','TRANSPORTADORA JL'),(22,'URIEL','TRANSPORTADORA JL'),(23,'URIEL','TRANSPORTADORA JL'),(24,'URIEL','TRANSPORTADORA JL'),(25,'URIEL','TRANSPORTADORA JL'),(26,'MINERVA','TRUCK EXPRESS CIVAC, S.A. DE C.V.'),(27,'URIEL','TRANSPORTADORA JL, S.A. DE C.V.'),(28,'URIEL','TRANSPORTADORA JL, S.A. DE C.V.'),(29,'URIEL','TRANSPORTADORA JL, S.A. DE C.V.'),(30,'URIEL','TRANSPORTADORA JL, S.A. DE C.V.'),(31,'URIEL','TRANSPORTADORA JL, S.A. DE C.V.'),(32,'URIEL','TRANSPORTADORA JL, S.A. DE C.V.'),(33,'URIEL','TRANSPORTADORA JL, S.A. DE C.V.'),(34,'URIEL','TRANSPORTADORA JL, S.A. DE C.V.'),(35,'URIEL','TRANSPORTADORA JL, S.A. DE C.V.'),(36,'URIEL','TRANSPORTADORA JL, S.A. DE C.V.'),(37,'URIEL','TRANSPORTADORA JL, S.A. DE C.V.'),(38,'URIEL','TRANSPORTADORA JL, S.A. DE C.V.'),(39,'URIEL','TRANSPORTADORA JL, S.A. DE C.V.'),(40,'URIEL','TRANSPORTADORA JL, S.A. DE C.V.'),(41,'URIEL','TRANSPORTADORA JL, S.A. DE C.V.'),(42,'URIEL','TRANSPORTADORA JL, S.A. DE C.V.'),(43,'URIEL','TRANSPORTADORA JL, S.A. DE C.V.'),(44,'URIEL','TRANSPORTADORA JL, S.A. DE C.V.'),(45,'URIEL','TRANSPORTADORA JL, S.A. DE C.V.'),(46,'URIEL','TRANSPORTADORA JL, S.A. DE C.V.'),(47,'URIEL','TRANSPORTADORA JL, S.A. DE C.V.'),(48,'URIEL','TRANSPORTADORA JL, S.A. DE C.V.'),(49,'URIEL','TRANSPORTADORA JL, S.A. DE C.V.'),(50,'URIEL','TRANSPORTADORA JL, S.A. DE C.V.'),(51,'URIEL','TRANSPORTADORA JL, S.A. DE C.V.'),(52,'URIEL','TRANSPORTADORA JL, S.A. DE C.V.'),(53,'URIEL','TRANSPORTADORA JL, S.A. DE C.V.'),(54,'URIEL','TRANSPORTADORA JL, S.A. DE C.V.'),(55,'URIEL','TRANSPORTADORA JL, S.A. DE C.V.'),(56,'URIEL','TRANSPORTADORA JL, S.A. DE C.V.'),(57,'URIEL','TRANSPORTADORA JL, S.A. DE C.V.'),(58,'URIEL','TRANSPORTADORA JL, S.A. DE C.V.'),(59,'URIEL','TRANSPORTADORA JL, S.A. DE C.V.'),(60,'URIEL','TRANSPORTADORA JL, S.A. DE C.V.'),(61,'URIEL','TRANSPORTADORA JL, S.A. DE C.V.'),(62,'URIEL-ESME','JOSE LUIS NUNEZ ANDRADE'),(63,'URIEL','TRANSPORTADORA JL, S.A. DE C.V.'),(64,'URIEL','TRANSPORTADORA JL, S.A. DE C.V.'),(65,'URIEL','TRANSPORTADORA JL, S.A. DE C.V.'),(66,'URIEL','TRANSPORTADORA JL, S.A. DE C.V.'),(67,'URIEL','TRANSPORTADORA JL, S.A. DE C.V.'),(68,'URIEL','TRANSPORTADORA JL, S.A. DE C.V.'),(69,'URIEL','TRANSPORTADORA JL, S.A. DE C.V.'),(70,'URIEL','TRANSPORTADORA JL, S.A. DE C.V.'),(71,'URIEL','TRANSPORTADORA JL, S.A. DE C.V.'),(72,'URIEL','TRANSPORTADORA JL, S.A. DE C.V.'),(73,'URIEL','TRANSPORTADORA JL, S.A. DE C.V.'),(74,'URIEL','TRANSPORTADORA JL, S.A. DE C.V.'),(75,'URIEL','TRANSPORTADORA JL, S.A. DE C.V.'),(76,'URIEL','TRANSPORTADORA JL, S.A. DE C.V.'),(77,'URIEL','TRANSPORTADORA JL, S.A. DE C.V.'),(78,'URIEL','TRANSPORTADORA JL, S.A. DE C.V.'),(79,'URIEL','TRANSPORTADORA JL, S.A. DE C.V.'),(80,'URIEL','TRANSPORTADORA JL, S.A. DE C.V.'),(81,'URIEL','TRANSPORTADORA JL, S.A. DE C.V.'),(82,'URIEL','TRANSPORTADORA JL, S.A. DE C.V.'),(83,'URIEL','TRANSPORTADORA JL, S.A. DE C.V.'),(84,'URIEL','TRANSPORTADORA JL, S.A. DE C.V.'),(85,'URIEL','TRANSPORTADORA JL, S.A. DE C.V.'),(86,'URIEL','TRANSPORTADORA JL, S.A. DE C.V.'),(87,'URIEL','TRANSPORTADORA JL, S.A. DE C.V.'),(88,'URIEL','TRANSPORTADORA JL, S.A. DE C.V.'),(89,'URIEL','TRANSPORTADORA JL, S.A. DE C.V.'),(90,'URIEL','TRANSPORTADORA JL, S.A. DE C.V.'),(91,'URIEL','TRANSPORTADORA JL, S.A. DE C.V.'),(92,'URIEL','TRANSPORTADORA JL, S.A. DE C.V.'),(93,'URIEL','TRANSPORTADORA JL, S.A. DE C.V.'),(94,'URIEL','TRANSPORTADORA JL, S.A. DE C.V.'),(95,'URIEL','TRANSPORTADORA JL, S.A. DE C.V.'),(96,'URIEL','TRANSPORTADORA JL, S.A. DE C.V.'),(97,'URIEL','TRANSPORTADORA JL, S.A. DE C.V.'),(98,'URIEL','JOSE LUIS NUNEZ ANDRADE'),(99,'URIEL-ESME','JOSE LUIS NUNEZ ANDRADE'),(100,'Nancy','NancyGualalama'),(101,'Nancy','NancyGualalama'),(102,'Nancy','NancyGualalama'),(103,'MM CARGA','MM CARGA, S.A. DE C.V.'),(104,'MM CARGA','MM CARGA, S.A. DE C.V.'),(105,'MM CARGA','MM CARGA, S.A. DE C.V.'),(106,'MM CARGA','MM CARGA, S.A. DE C.V.'),(107,'MM CARGA','MM CARGA, S.A. DE C.V.'),(108,'URIEL-ELIORET','HECTOR LUIS GOMEZ GOMEZ'),(109,'URIEL-ELIORET','HECTOR LUIS GOMEZ GOMEZ'),(110,'URIEL-ELIORET','HECTOR LUIS GOMEZ GOMEZ'),(111,'URIEL-ELIORET','HECTOR LUIS GOMEZ GOMEZ'),(112,'URIEL-ELIORET','HECTOR LUIS GOMEZ GOMEZ'),(113,'URIEL-ELIORET','HECTOR LUIS GOMEZ GOMEZ'),(114,'URIEL-ELIORET','HECTOR LUIS GOMEZ GOMEZ'),(115,'URIEL-ELIORET','HECTOR LUIS GOMEZ GOMEZ'),(116,'URIEL-ELIORET','HECTOR LUIS GOMEZ GOMEZ'),(117,'URIEL-ELIORET','HECTOR LUIS GOMEZ GOMEZ'),(118,'URIEL-ELIORET','HECTOR LUIS GOMEZ GOMEZ'),(119,'URIEL-ELIORET','HECTOR LUIS GOMEZ GOMEZ'),(120,'URIEL-ELIORET','HECTOR LUIS GOMEZ GOMEZ'),(121,'URIEL-ELIORET','HECTOR LUIS GOMEZ GOMEZ'),(122,'URIEL-ELIORET','HECTOR LUIS GOMEZ GOMEZ'),(123,'URIEL-ELIORET','HECTOR LUIS GOMEZ GOMEZ'),(124,'URIEL-ELIORET','HECTOR LUIS GOMEZ GOMEZ'),(125,NULL,NULL),(126,'ROSA','SABRITAS, S.A. DE C.V.'),(127,'URIEL','TRANSPORTADORA JL, S.A. DE C.V.'),(128,'URIEL','TRANSPORTADORA JL, S.A. DE C.V.'),(129,'URIEL','TRANSPORTADORA JL, S.A. DE C.V.'),(130,'URIEL','TRANSPORTADORA JL, S.A. DE C.V.'),(131,'URIEL','TRANSPORTADORA JL, S.A. DE C.V.'),(132,'URIEL','TRANSPORTADORA JL, S.A. DE C.V.'),(133,'URIEL','TRANSPORTADORA JL, S.A. DE C.V.'),(134,'URIEL','TRANSPORTADORA JL, S.A. DE C.V.'),(135,'URIEL','TRANSPORTADORA JL, S.A. DE C.V.'),(136,'URIEL','TRANSPORTADORA JL, S.A. DE C.V.'),(137,'URIEL','TRANSPORTADORA JL, S.A. DE C.V.'),(138,'URIEL','TRANSPORTADORA JL, S.A. DE C.V.'),(139,'URIEL','TRANSPORTADORA JL, S.A. DE C.V.'),(140,'URIEL','TRANSPORTADORA JL, S.A. DE C.V.'),(141,'URIEL','TRANSPORTADORA JL, S.A. DE C.V.'),(142,'URIEL','TRANSPORTADORA JL, S.A. DE C.V.'),(143,'URIEL','TRANSPORTADORA JL, S.A. DE C.V.'),(144,'URIEL','TRANSPORTADORA JL, S.A. DE C.V.'),(145,'URIEL','TRANSPORTADORA JL, S.A. DE C.V.'),(146,'URIEL','TRANSPORTADORA JL, S.A. DE C.V.'),(147,'URIEL','TRANSPORTADORA JL, S.A. DE C.V.'),(148,'URIEL','TRANSPORTADORA JL, S.A. DE C.V.'),(149,'URIEL','TRANSPORTADORA JL, S.A. DE C.V.'),(150,'URIEL','TRANSPORTADORA JL, S.A. DE C.V.'),(151,'URIEL','TRANSPORTADORA JL, S.A. DE C.V.'),(152,'URIEL','TRANSPORTADORA JL, S.A. DE C.V.'),(153,'URIEL','TRANSPORTADORA JL, S.A. DE C.V.'),(154,'URIEL','TRANSPORTADORA JL, S.A. DE C.V.'),(155,'URIEL','TRANSPORTADORA JL, S.A. DE C.V.'),(156,'URIEL','TRANSPORTADORA JL, S.A. DE C.V.'),(157,'URIEL','TRANSPORTADORA JL, S.A. DE C.V.'),(158,'URIEL','TRANSPORTADORA JL, S.A. DE C.V.'),(159,'URIEL','TRANSPORTADORA JL, S.A. DE C.V.'),(160,'URIEL','TRANSPORTADORA JL, S.A. DE C.V.'),(161,'URIEL','TRANSPORTADORA JL, S.A. DE C.V.'),(162,'URIEL','TRANSPORTADORA JL, S.A. DE C.V.'),(163,'URIEL','TRANSPORTADORA JL, S.A. DE C.V.'),(164,'URIEL','TRANSPORTADORA JL, S.A. DE C.V.'),(165,'URIEL','TRANSPORTADORA JL, S.A. DE C.V.'),(166,'URIEL','TRANSPORTADORA JL, S.A. DE C.V.'),(167,'URIEL','TRANSPORTADORA JL, S.A. DE C.V.'),(168,'URIEL','TRANSPORTADORA JL, S.A. DE C.V.'),(169,'URIEL','TRANSPORTADORA JL, S.A. DE C.V.'),(170,'CP PEDRO','EXPRESS ANAHUAC, S.A. DE C.V.'),(171,'CP PEDRO','EXPRESS ANAHUAC, S.A. DE C.V.'),(172,'CP PEDRO','EXPRESS ANAHUAC, S.A. DE C.V.'),(173,'CP PEDRO','EXPRESS ANAHUAC, S.A. DE C.V.'),(174,'CP PEDRO','EXPRESS ANAHUAC, S.A. DE C.V.'),(175,'CP PEDRO','EXPRESS ANAHUAC, S.A. DE C.V.'),(176,'CP PEDRO','EXPRESS ANAHUAC, S.A. DE C.V.'),(177,'CP PEDRO','EXPRESS ANAHUAC, S.A. DE C.V.'),(178,'CP PEDRO','EXPRESS ANAHUAC, S.A. DE C.V.'),(179,'CP PEDRO','EXPRESS ANAHUAC, S.A. DE C.V.'),(180,'CP PEDRO','EXPRESS ANAHUAC, S.A. DE C.V.'),(181,'CP PEDRO','EXPRESS ANAHUAC, S.A. DE C.V.'),(182,'CP PEDRO','EXPRESS ANAHUAC, S.A. DE C.V.'),(183,'CP PEDRO','EXPRESS ANAHUAC, S.A. DE C.V.'),(184,'CP PEDRO','EXPRESS ANAHUAC, S.A. DE C.V.'),(185,'CP PEDRO','EXPRESS ANAHUAC, S.A. DE C.V.'),(186,'CP PEDRO','EXPRESS ANAHUAC, S.A. DE C.V.'),(187,'CP PEDRO','EXPRESS ANAHUAC, S.A. DE C.V.'),(188,'CP PEDRO','EXPRESS ANAHUAC, S.A. DE C.V.'),(189,'CP PEDRO','EXPRESS ANAHUAC, S.A. DE C.V.'),(190,'CP PEDRO','EXPRESS ANAHUAC, S.A. DE C.V.'),(191,'CP PEDRO','EXPRESS ANAHUAC, S.A. DE C.V.'),(192,'CP PEDRO','EXPRESS ANAHUAC, S.A. DE C.V.'),(193,'CP PEDRO','EXPRESS ANAHUAC, S.A. DE C.V.'),(194,'CP PEDRO','EXPRESS ANAHUAC, S.A. DE C.V.'),(195,'CP PEDRO','EXPRESS ANAHUAC, S.A. DE C.V.'),(196,'CP PEDRO','EXPRESS ANAHUAC, S.A. DE C.V.'),(197,'CP PEDRO','EXPRESS ANAHUAC, S.A. DE C.V.'),(198,'CP PEDRO','EXPRESS ANAHUAC, S.A. DE C.V.'),(199,'CP PEDRO','EXPRESS ANAHUAC, S.A. DE C.V.');
/*!40000 ALTER TABLE `clientes` ENABLE KEYS */;
UNLOCK TABLES;

--
-- Table structure for table `costos`
--

DROP TABLE IF EXISTS `costos`;
/*!40101 SET @saved_cs_client     = @@character_set_client */;
/*!50503 SET character_set_client = utf8mb4 */;
CREATE TABLE `costos` (
  `id_costo` int NOT NULL AUTO_INCREMENT,
  `materia` varchar(40) COLLATE utf8mb4_general_ci DEFAULT NULL,
  `costo` decimal(10,2) DEFAULT NULL,
  `cliente_empresa` varchar(150) COLLATE utf8mb4_general_ci DEFAULT NULL,
  `encargado` varchar(150) COLLATE utf8mb4_general_ci DEFAULT NULL,
  `atiende_y_cobra` varchar(100) COLLATE utf8mb4_general_ci DEFAULT NULL,
  PRIMARY KEY (`id_costo`)
) ENGINE=InnoDB AUTO_INCREMENT=8 DEFAULT CHARSET=utf8mb4 COLLATE=utf8mb4_general_ci;
/*!40101 SET character_set_client = @saved_cs_client */;

--
-- Dumping data for table `costos`
--

LOCK TABLES `costos` WRITE;
/*!40000 ALTER TABLE `costos` DISABLE KEYS */;
INSERT INTO `costos` VALUES (2,'HUMO',500.00,'TRANSPORTADORA JL','URIEL','URIEL'),(3,'MOTRIZ',800.00,'TRANSPORTADORA JL','URIEL','URIEL'),(4,'ARRASTRE',800.00,'TRANSPORTADORA JL','URIEL','URIEL'),(5,'ARRASTRE',400.00,'MM CARGA','CELINA','DIANA Y ROSA');
/*!40000 ALTER TABLE `costos` ENABLE KEYS */;
UNLOCK TABLES;

--
-- Table structure for table `pedidos`
--

DROP TABLE IF EXISTS `pedidos`;
/*!40101 SET @saved_cs_client     = @@character_set_client */;
/*!50503 SET character_set_client = utf8mb4 */;
CREATE TABLE `pedidos` (
  `id_pedido` int NOT NULL AUTO_INCREMENT,
  `id_transaccion` int DEFAULT NULL,
  `fecha_envio` date DEFAULT NULL,
  `numero_guia` varchar(50) COLLATE utf8mb4_general_ci DEFAULT NULL,
  `recibio` varchar(100) COLLATE utf8mb4_general_ci DEFAULT NULL,
  `foto` varchar(512) COLLATE utf8mb4_general_ci DEFAULT NULL,
  PRIMARY KEY (`id_pedido`),
  KEY `id_transaccion` (`id_transaccion`),
  CONSTRAINT `pedidos_ibfk_1` FOREIGN KEY (`id_transaccion`) REFERENCES `transacciones` (`id_transaccion`)
) ENGINE=InnoDB AUTO_INCREMENT=2 DEFAULT CHARSET=utf8mb4 COLLATE=utf8mb4_general_ci;
/*!40101 SET character_set_client = @saved_cs_client */;

--
-- Dumping data for table `pedidos`
--

LOCK TABLES `pedidos` WRITE;
/*!40000 ALTER TABLE `pedidos` DISABLE KEYS */;
/*!40000 ALTER TABLE `pedidos` ENABLE KEYS */;
UNLOCK TABLES;

--
-- Table structure for table `transacciones`
--

DROP TABLE IF EXISTS `transacciones`;
/*!40101 SET @saved_cs_client     = @@character_set_client */;
/*!50503 SET character_set_client = utf8mb4 */;
CREATE TABLE `transacciones` (
  `id_transaccion` int NOT NULL AUTO_INCREMENT,
  `id_cliente` int NOT NULL,
  `id_verificacion` int NOT NULL,
  `tipo_pago` enum('FACTURA','DEPOSITO','EFECTIVO','NULL') COLLATE utf8mb4_general_ci DEFAULT NULL,
  `numero_nota` varchar(50) COLLATE utf8mb4_general_ci DEFAULT NULL,
  `cotizacion` varchar(50) COLLATE utf8mb4_general_ci DEFAULT NULL,
  `cuenta_deposito` varchar(255) COLLATE utf8mb4_general_ci DEFAULT NULL,
  `numero_factura` varchar(50) COLLATE utf8mb4_general_ci DEFAULT NULL,
  `pagado` enum('SI','NO') COLLATE utf8mb4_general_ci DEFAULT NULL,
  `atiende_y_cobra` varchar(100) COLLATE utf8mb4_general_ci DEFAULT NULL,
  `fecha_pedido` date DEFAULT NULL,
  PRIMARY KEY (`id_transaccion`),
  KEY `id_cliente` (`id_cliente`),
  KEY `id_verificacion` (`id_verificacion`),
  CONSTRAINT `transacciones_ibfk_1` FOREIGN KEY (`id_cliente`) REFERENCES `clientes` (`id_cliente`) ON DELETE CASCADE,
  CONSTRAINT `transacciones_ibfk_2` FOREIGN KEY (`id_verificacion`) REFERENCES `verificaciones` (`id_verificacion`) ON DELETE CASCADE
) ENGINE=InnoDB AUTO_INCREMENT=200 DEFAULT CHARSET=utf8mb4 COLLATE=utf8mb4_general_ci;
/*!40101 SET character_set_client = @saved_cs_client */;

--
-- Dumping data for table `transacciones`
--

LOCK TABLES `transacciones` WRITE;
/*!40000 ALTER TABLE `transacciones` DISABLE KEYS */;
INSERT INTO `transacciones` VALUES (62,62,62,'DEPOSITO','NOTA3','COTIZACION3','URIEL','0','NO','URIEL','2024-12-31'),(63,63,63,'FACTURA','NOTA1','COTIZACION1','BBVA INPECCIONES','FACTURA29','NO','URIEL','2024-12-31'),(64,64,64,'FACTURA','NOTA1','COTIZACION1','BBVA INPECCIONES','FACTURA29','NO','URIEL','2024-12-31'),(65,65,65,'FACTURA','NOTA1','COTIZACION1','BBVA INPECCIONES','FACTURA29','NO','URIEL','2024-12-31'),(66,66,66,'FACTURA','NOTA1','COTIZACION1','BBVA INPECCIONES','FACTURA29','NO','URIEL','2025-01-01'),(67,67,67,'FACTURA','NOTA1','COTIZACION1','BBVA INPECCIONES','FACTURA29','NO','URIEL','2024-12-31'),(68,68,68,'FACTURA','NOTA1','COTIZACION1','BBVA INPECCIONES','FACTURA29','NO','URIEL','2024-12-31'),(69,69,69,'FACTURA','NOTA1','COTIZACION1','BBVA INPECCIONES','FACTURA29','NO','URIEL','2024-12-31'),(70,70,70,'FACTURA','NOTA1','COTIZACION1','BBVA INPECCIONES','FACTURA29','NO','URIEL','2024-12-31'),(71,71,71,'DEPOSITO','NOTA1','1.0',NULL,NULL,'NO',NULL,NULL),(72,72,72,'DEPOSITO','NOTA1','1.0',NULL,NULL,'NO',NULL,NULL),(73,73,73,'DEPOSITO','NOTA1','1.0',NULL,NULL,'NO',NULL,NULL),(74,74,74,'DEPOSITO','NOTA1','1.0',NULL,NULL,'NO',NULL,NULL),(75,75,75,'DEPOSITO','NOTA1','1.0',NULL,NULL,'NO',NULL,NULL),(76,76,76,'DEPOSITO','NOTA1','1.0',NULL,NULL,'NO',NULL,NULL),(77,77,77,'DEPOSITO','NOTA1','1.0',NULL,NULL,'NO',NULL,NULL),(78,78,78,'DEPOSITO','NOTA1','1.0',NULL,NULL,'NO',NULL,NULL),(79,79,79,'FACTURA','NOTA1','1.0','BBVA INPECCIONES','FACTURA29','NO','URIEL','2024-12-31'),(80,80,80,'DEPOSITO','NOTA1','1.0',NULL,NULL,'NO',NULL,NULL),(81,81,81,'DEPOSITO','NOTA1','1.0',NULL,NULL,'NO',NULL,NULL),(82,82,82,'DEPOSITO','NOTA1','1.0',NULL,NULL,'NO',NULL,NULL),(83,83,83,'DEPOSITO','NOTA1','1.0',NULL,NULL,'NO',NULL,NULL),(84,84,84,'DEPOSITO','NOTA1','1.0',NULL,NULL,'NO',NULL,NULL),(85,85,85,'DEPOSITO','NOTA1','1.0',NULL,NULL,'NO',NULL,NULL),(86,86,86,'DEPOSITO','NOTA1','1.0',NULL,NULL,'NO',NULL,NULL),(87,87,87,'DEPOSITO','NOTA1','1.0',NULL,NULL,'NO',NULL,NULL),(88,88,88,'DEPOSITO','NOTA1','1.0',NULL,NULL,'NO',NULL,NULL),(89,89,89,'DEPOSITO','NOTA1','1.0',NULL,NULL,'NO',NULL,NULL),(90,90,90,'DEPOSITO','NOTA1','1.0',NULL,NULL,'NO',NULL,NULL),(91,91,91,'DEPOSITO','NOTA1','1.0',NULL,NULL,'NO',NULL,NULL),(92,92,92,'DEPOSITO','NOTA1','1.0',NULL,NULL,'NO',NULL,NULL),(93,93,93,'DEPOSITO','NOTA1','1.0',NULL,NULL,'NO',NULL,NULL),(94,94,94,'DEPOSITO','NOTA1','1.0',NULL,NULL,'NO',NULL,NULL),(95,95,95,'DEPOSITO','NOTA1','1.0',NULL,NULL,'NO',NULL,NULL),(96,96,96,'DEPOSITO','NOTA1','1.0',NULL,NULL,'NO',NULL,NULL),(97,97,97,'DEPOSITO','NOTA1','1.0',NULL,NULL,'NO',NULL,NULL),(98,98,98,'DEPOSITO','','','URIEL','','NO','','2024-12-31'),(99,99,99,'DEPOSITO','NOTA3','COTIZACION3','URIEL','0','NO','URIEL','2024-12-31'),(103,103,103,'FACTURA','NOTA4','NOTA4','SIVEMOR HSBC','0.0','NO',NULL,'2024-01-02'),(104,104,104,'FACTURA','NOTA4','NOTA4','SIVEMOR HSBC','','NO','','2024-01-10'),(105,105,105,'FACTURA','NOTA4','NOTA4','SIVEMOR HSBC','0.0','NO',NULL,'2024-01-02'),(106,106,106,'FACTURA','NOTA4','NOTA4','SIVEMOR HSBC','0.0','NO',NULL,'2024-01-02'),(107,107,107,'FACTURA','NOTA4','NOTA4','SIVEMOR HSBC','0.0','NO',NULL,'2024-01-02'),(108,108,108,'DEPOSITO','NOTA5','NOTA5','ESTEBAN BBVA','0.0','NO',NULL,'2024-01-02'),(109,109,109,'DEPOSITO','NOTA5','NOTA5','ESTEBAN BBVA','0.0','NO',NULL,'2024-01-02'),(110,110,110,'DEPOSITO','NOTA5','NOTA5','ESTEBAN BBVA','0.0','NO',NULL,'2024-01-02'),(111,111,111,'DEPOSITO','NOTA5','NOTA5','ESTEBAN BBVA','0.0','NO',NULL,'2024-01-02'),(112,112,112,'DEPOSITO','NOTA5','NOTA5','ESTEBAN BBVA','0.0','NO',NULL,'2024-01-02'),(113,113,113,'DEPOSITO','NOTA5','NOTA5','ESTEBAN BBVA','0.0','NO',NULL,'2024-01-02'),(114,114,114,'DEPOSITO','NOTA5','NOTA5','ESTEBAN BBVA','0.0','NO',NULL,'2024-01-02'),(115,115,115,'DEPOSITO','NOTA5','NOTA5','ESTEBAN BBVA','0.0','NO',NULL,'2024-01-02'),(116,116,116,'DEPOSITO','NOTA5','NOTA5','ESTEBAN BBVA','0.0','NO',NULL,'2024-01-02'),(117,117,117,'DEPOSITO','NOTA5','NOTA5','ESTEBAN BBVA','0.0','NO',NULL,'2024-01-02'),(118,118,118,'DEPOSITO','NOTA5','NOTA5','ESTEBAN BBVA','0.0','NO',NULL,'2024-01-02'),(119,119,119,'DEPOSITO','NOTA5','NOTA5','ESTEBAN BBVA','0.0','NO',NULL,'2024-01-02'),(120,120,120,'DEPOSITO','NOTA5','NOTA5','ESTEBAN BBVA','0.0','NO',NULL,'2024-01-02'),(121,121,121,'DEPOSITO','NOTA5','NOTA5','ESTEBAN BBVA','0.0','NO',NULL,'2024-01-02'),(122,122,122,'DEPOSITO','NOTA5','NOTA5','ESTEBAN BBVA','0.0','NO',NULL,'2024-01-02'),(123,123,123,'DEPOSITO','NOTA5','NOTA5','ESTEBAN BBVA','0.0','NO',NULL,'2024-01-02'),(124,124,124,'DEPOSITO','NOTA5','NOTA5','ESTEBAN BBVA','0.0','NO',NULL,'2024-01-02'),(127,127,127,'FACTURA','NOTA2','COTIZACION2','INPECCIONES BBVA','FACTURA29','NO',NULL,'2024-01-02'),(128,128,128,'FACTURA','NOTA2','COTIZACION2','INPECCIONES BBVA','FACTURA30','NO',NULL,'2024-01-02'),(129,129,129,'FACTURA','NOTA2','COTIZACION2','INPECCIONES BBVA','FACTURA31','NO',NULL,'2024-01-02'),(130,130,130,'FACTURA','NOTA2','COTIZACION2','INPECCIONES BBVA','FACTURA32','NO',NULL,'2024-01-02'),(131,131,131,'FACTURA','NOTA2','COTIZACION2','INPECCIONES BBVA','FACTURA33','NO',NULL,'2024-01-02'),(132,132,132,'FACTURA','NOTA2','COTIZACION2','INPECCIONES BBVA','FACTURA34','NO',NULL,'2024-01-02'),(133,133,133,'FACTURA','NOTA2','COTIZACION2','INPECCIONES BBVA','FACTURA35','NO',NULL,'2024-01-02'),(134,134,134,'FACTURA','NOTA2','COTIZACION2','INPECCIONES BBVA','FACTURA36','NO',NULL,'2024-01-02'),(135,135,135,'FACTURA','NOTA2','COTIZACION2','INPECCIONES BBVA','FACTURA37','NO',NULL,'2024-01-02'),(136,136,136,'FACTURA','NOTA2','COTIZACION2','INPECCIONES BBVA','FACTURA38','NO',NULL,'2024-01-02'),(137,137,137,'FACTURA','NOTA2','COTIZACION2','INPECCIONES BBVA','FACTURA39','NO',NULL,'2024-01-02'),(138,138,138,'FACTURA','NOTA2','COTIZACION2','INPECCIONES BBVA','FACTURA40','NO',NULL,'2024-01-02'),(139,139,139,'FACTURA','NOTA2','COTIZACION2','INPECCIONES BBVA','FACTURA41','NO',NULL,'2024-01-02'),(140,140,140,'FACTURA','NOTA2','COTIZACION2','INPECCIONES BBVA','FACTURA42','NO',NULL,'2024-01-02'),(141,141,141,'FACTURA','NOTA2','COTIZACION2','INPECCIONES BBVA','FACTURA43','NO',NULL,'2024-01-02'),(142,142,142,'FACTURA','NOTA2','COTIZACION2','INPECCIONES BBVA','FACTURA44','NO',NULL,'2024-01-02'),(143,143,143,'FACTURA','NOTA2','COTIZACION2','INPECCIONES BBVA','FACTURA45','NO',NULL,'2024-01-02'),(144,144,144,'FACTURA','NOTA2','COTIZACION2','INPECCIONES BBVA','FACTURA46','NO',NULL,'2024-01-02'),(145,145,145,'FACTURA','NOTA2','COTIZACION2','INPECCIONES BBVA','FACTURA47','NO',NULL,'2024-01-02'),(146,146,146,'FACTURA','NOTA2','COTIZACION2','INPECCIONES BBVA','FACTURA48','NO',NULL,'2024-01-02'),(147,147,147,'FACTURA','NOTA2','COTIZACION2','INPECCIONES BBVA','FACTURA49','NO',NULL,'2024-01-02'),(148,148,148,'FACTURA','NOTA2','COTIZACION2','INPECCIONES BBVA','FACTURA50','NO',NULL,'2024-01-02'),(149,149,149,'FACTURA','NOTA2','COTIZACION2','INPECCIONES BBVA','FACTURA51','NO',NULL,'2024-01-02'),(150,150,150,'FACTURA','NOTA2','COTIZACION2','INPECCIONES BBVA','FACTURA52','NO',NULL,'2024-01-02'),(151,151,151,'FACTURA','NOTA2','COTIZACION2','INPECCIONES BBVA','FACTURA53','NO',NULL,'2024-01-02'),(152,152,152,'FACTURA','NOTA2','COTIZACION2','INPECCIONES BBVA','FACTURA54','NO',NULL,'2024-01-02'),(153,153,153,'FACTURA','NOTA2','COTIZACION2','INPECCIONES BBVA','FACTURA55','NO',NULL,'2024-01-02'),(154,154,154,'FACTURA','NOTA2','COTIZACION2','INPECCIONES BBVA','FACTURA56','NO',NULL,'2024-01-02'),(155,155,155,'FACTURA','NOTA2','COTIZACION2','INPECCIONES BBVA','FACTURA57','NO',NULL,'2024-01-02'),(156,156,156,'FACTURA','NOTA2','COTIZACION2','INPECCIONES BBVA','FACTURA58','NO',NULL,'2024-01-02'),(157,157,157,'FACTURA','NOTA2','COTIZACION2','INPECCIONES BBVA','FACTURA59','NO',NULL,'2024-01-02'),(158,158,158,'FACTURA','NOTA2','COTIZACION2','INPECCIONES BBVA','FACTURA60','NO',NULL,'2024-01-02'),(159,159,159,'FACTURA','NOTA2','COTIZACION2','INPECCIONES BBVA','FACTURA61','NO',NULL,'2024-01-02'),(160,160,160,'FACTURA','NOTA2','COTIZACION2','INPECCIONES BBVA','FACTURA62','NO',NULL,'2024-01-02'),(161,161,161,'FACTURA','NOTA2','COTIZACION2','INPECCIONES BBVA','FACTURA63','NO',NULL,'2024-01-02'),(162,162,162,'FACTURA','NOTA2','COTIZACION2','INPECCIONES BBVA','FACTURA64','NO',NULL,'2024-01-02'),(163,163,163,'FACTURA','NOTA2','COTIZACION2','INPECCIONES BBVA','FACTURA65','NO',NULL,'2024-01-02'),(164,164,164,'FACTURA','NOTA2','COTIZACION2','INPECCIONES BBVA','FACTURA66','NO',NULL,'2024-01-02'),(165,165,165,'FACTURA','NOTA2','COTIZACION2','INPECCIONES BBVA','FACTURA67','NO',NULL,'2024-01-02'),(166,166,166,'FACTURA','NOTA2','COTIZACION2','INPECCIONES BBVA','FACTURA68','NO',NULL,'2024-01-02'),(167,167,167,'FACTURA','NOTA2','COTIZACION2','INPECCIONES BBVA','FACTURA69','NO',NULL,'2024-01-02'),(168,168,168,'FACTURA','NOTA2','COTIZACION2','INPECCIONES BBVA','FACTURA70','NO',NULL,'2024-01-02'),(169,169,169,'FACTURA','NOTA2','COTIZACION2','INPECCIONES BBVA','FACTURA71','NO',NULL,'2024-01-02'),(170,170,170,'FACTURA','NOTA6','COTIZACION6','INPECCIONES BBVA','0.0','NO',NULL,'2024-01-02'),(171,171,171,'FACTURA','NOTA6','COTIZACION6','INPECCIONES BBVA','0.0','NO',NULL,'2024-01-02'),(172,172,172,'FACTURA','NOTA6','COTIZACION6','INPECCIONES BBVA','0.0','NO',NULL,'2024-01-02'),(173,173,173,'FACTURA','NOTA6','COTIZACION6','INPECCIONES BBVA','0.0','NO',NULL,'2024-01-02'),(174,174,174,'FACTURA','NOTA6','COTIZACION6','INPECCIONES BBVA','0.0','NO',NULL,'2024-01-02'),(175,175,175,'FACTURA','NOTA6','COTIZACION6','INPECCIONES BBVA','0.0','NO',NULL,'2024-01-02'),(176,176,176,'FACTURA','NOTA6','COTIZACION6','INPECCIONES BBVA','0.0','NO',NULL,'2024-01-02'),(177,177,177,'FACTURA','NOTA6','COTIZACION6','INPECCIONES BBVA','0.0','NO',NULL,'2024-01-02'),(178,178,178,'FACTURA','NOTA6','COTIZACION6','INPECCIONES BBVA','0.0','NO',NULL,'2024-01-02'),(179,179,179,'FACTURA','NOTA6','COTIZACION6','INPECCIONES BBVA','0.0','NO',NULL,'2024-01-02'),(180,180,180,'FACTURA','NOTA6','COTIZACION6','INPECCIONES BBVA','0.0','NO',NULL,'2024-01-02'),(181,181,181,'FACTURA','NOTA6','COTIZACION6','INPECCIONES BBVA','0.0','NO',NULL,'2024-01-02'),(182,182,182,'FACTURA','NOTA6','COTIZACION6','INPECCIONES BBVA','0.0','NO',NULL,'2024-01-02'),(183,183,183,'FACTURA','NOTA6','COTIZACION6','INPECCIONES BBVA','0.0','NO',NULL,'2024-01-02'),(184,184,184,'FACTURA','NOTA6','COTIZACION6','INPECCIONES BBVA','0.0','NO',NULL,'2024-01-02'),(185,185,185,'FACTURA','NOTA6','COTIZACION6','INPECCIONES BBVA','0.0','NO',NULL,'2024-01-02'),(186,186,186,'FACTURA','NOTA6','COTIZACION6','INPECCIONES BBVA','0.0','NO',NULL,'2024-01-02'),(187,187,187,'FACTURA','NOTA6','COTIZACION6','INPECCIONES BBVA','0.0','NO',NULL,'2024-01-02'),(188,188,188,'FACTURA','NOTA6','COTIZACION6','INPECCIONES BBVA','0.0','NO',NULL,'2024-01-02'),(189,189,189,'FACTURA','NOTA6','COTIZACION6','INPECCIONES BBVA','0.0','NO',NULL,'2024-01-02'),(190,190,190,'FACTURA','NOTA6','COTIZACION6','INPECCIONES BBVA','0.0','NO',NULL,'2024-01-02'),(191,191,191,'FACTURA','NOTA6','COTIZACION6','INPECCIONES BBVA','0.0','NO',NULL,'2024-01-02'),(192,192,192,'FACTURA','NOTA6','COTIZACION6','INPECCIONES BBVA','0.0','NO',NULL,'2024-01-02'),(193,193,193,'FACTURA','NOTA6','COTIZACION6','INPECCIONES BBVA','0.0','NO',NULL,'2024-01-02'),(194,194,194,'FACTURA','NOTA6','COTIZACION6','INPECCIONES BBVA','0.0','NO',NULL,'2024-01-02'),(195,195,195,'FACTURA','NOTA6','COTIZACION6','INPECCIONES BBVA','0.0','NO',NULL,'2024-01-02'),(196,196,196,'FACTURA','NOTA6','COTIZACION6','INPECCIONES BBVA','0.0','NO',NULL,'2024-01-02'),(197,197,197,'FACTURA','NOTA6','COTIZACION6','INPECCIONES BBVA','0.0','NO',NULL,'2024-01-02'),(198,198,198,'FACTURA','NOTA6','COTIZACION6','INPECCIONES BBVA','0.0','NO',NULL,'2024-01-02'),(199,199,199,'FACTURA','NOTA6','COTIZACION6','INPECCIONES BBVA','0.0','NO',NULL,'2024-01-02');
/*!40000 ALTER TABLE `transacciones` ENABLE KEYS */;
UNLOCK TABLES;

--
-- Table structure for table `usuarios`
--

DROP TABLE IF EXISTS `usuarios`;
/*!40101 SET @saved_cs_client     = @@character_set_client */;
/*!50503 SET character_set_client = utf8mb4 */;
CREATE TABLE `usuarios` (
  `id_usuario` int NOT NULL AUTO_INCREMENT,
  `nombre_usuario` varchar(60) COLLATE utf8mb4_general_ci NOT NULL,
  `email` varchar(60) COLLATE utf8mb4_general_ci NOT NULL,
  `contrasena` varchar(255) COLLATE utf8mb4_general_ci NOT NULL,
  `tipo_usuario` enum('admin','user') COLLATE utf8mb4_general_ci NOT NULL,
  PRIMARY KEY (`id_usuario`)
) ENGINE=InnoDB AUTO_INCREMENT=3 DEFAULT CHARSET=utf8mb4 COLLATE=utf8mb4_general_ci;
/*!40101 SET character_set_client = @saved_cs_client */;

--
-- Dumping data for table `usuarios`
--

LOCK TABLES `usuarios` WRITE;
/*!40000 ALTER TABLE `usuarios` DISABLE KEYS */;
INSERT INTO `usuarios` VALUES (1,'Verificentro','registro@gmail.com','ddea6da3af0b7fce795deb5c42adf6c28d0381c2eb22cba0e0cea68ef59806e4','user'),(2,'Administrador','cobro@gmail.com','7947d35dc79256ae8835a59101242502740f3adc477da3acc443c4cff8b50616','admin');
/*!40000 ALTER TABLE `usuarios` ENABLE KEYS */;
UNLOCK TABLES;

--
-- Table structure for table `vehiculos`
--

DROP TABLE IF EXISTS `vehiculos`;
/*!40101 SET @saved_cs_client     = @@character_set_client */;
/*!50503 SET character_set_client = utf8mb4 */;
CREATE TABLE `vehiculos` (
  `id_vehiculo` int NOT NULL AUTO_INCREMENT,
  `placa` varchar(50) COLLATE utf8mb4_general_ci DEFAULT NULL,
  `serie` varchar(255) COLLATE utf8mb4_general_ci DEFAULT NULL,
  `id_cliente` int NOT NULL,
  PRIMARY KEY (`id_vehiculo`),
  KEY `id_cliente` (`id_cliente`),
  CONSTRAINT `vehiculos_ibfk_1` FOREIGN KEY (`id_cliente`) REFERENCES `clientes` (`id_cliente`) ON DELETE CASCADE
) ENGINE=InnoDB AUTO_INCREMENT=200 DEFAULT CHARSET=utf8mb4 COLLATE=utf8mb4_general_ci;
/*!40101 SET character_set_client = @saved_cs_client */;

--
-- Dumping data for table `vehiculos`
--

LOCK TABLES `vehiculos` WRITE;
/*!40000 ALTER TABLE `vehiculos` DISABLE KEYS */;
INSERT INTO `vehiculos` VALUES (1,'654EA7','3WKDDB0XX8F812208',1),(2,'18RC1A','1WD558DR304A11',2),(3,'205LK1','3WWA60488SA',3),(4,'207LK2','30D4SFFSF',4),(5,'208LK3','33DSFWDWFF',5),(6,'208LK9','3ADSFASFAFF',6),(7,'209LK9','3GGGGG8',7),(8,'208HV5','3HAMMAAAR4609',8),(9,'208HV6','3HAMMAAAR4610',9),(10,'208HV7','3HAMMAAAR4611',10),(11,'208HV8','3HAMMAAAR4612',11),(12,'208HV9','3HAMMAAAR4613',12),(13,'208HV1','3HAMMAAAR4614',13),(14,'208HV2','3HAMMAAAR4615',14),(15,'208HV3','3HAMMAAAR4616',15),(16,'208HV4','3HAMMAAAR4617',16),(17,'84RA3L','3MBAA6SC888A1',17),(18,'85RA4L','3MBAA6SC888A2',18),(19,'85RA3W','3MBAA6SC888A3',19),(20,'30LF1A','3MBAA6SC888A4',20),(21,'87AL3Q','3MBAA6SC888A5',21),(22,'82AL3Q','3MBAA6SC888A6',22),(23,'19LA1Q','3MBAA6SC888A7',23),(24,'11AA9A','3MBAA6SC888A8',24),(25,'96AQ1A','3MBAA6SC888A9',25),(26,'204LK1','3R90464AAA30411',26),(27,'261RP8','3HBBZSENSFL581464',27),(28,'265RP8','3HBBZSENXFL645692',28),(29,'749RP9','3MBAA2DM1FM051499',29),(30,'323RN7','3HBBZSEN6DL358542',30),(31,'095RP7','3HVBSCN47N550101',31),(32,'287RP8','3HBBZSEN4FL733007',32),(33,'288RP8','3HBBZSEN2FL733006',33),(34,'269RP8','3HBBZSEN6FL666569',34),(35,'597RR5','3HBBZSEN1GL109103',35),(36,'61RA7M','3HBBZSEN3HL516986',36),(37,'66RA5X','3HBBZC8N5KL289955',37),(38,'67RA5X','3HBBZC8N0KL290463',38),(39,'68RA5X','3HBBZC8N3KL290568',39),(40,'69RA5X','3HBBZD8N8KL290579',40),(41,'23RB4H','3HBBZC8N1KL291105',41),(42,'83RB4R','3HBBZC8N6KL713269',42),(43,'99RB4R','3HBBZC8N3KL707218',43),(44,'272RP8','3HNNZSEN6FL666555',44),(45,'11AE7M','3HSCXAPT5HN178351',45),(46,'18AX8X','3HSDZAPT8LN539112',46),(47,'05BB2P','3AKJHHD16RSUZ0516',47),(48,'733EZ2','3WKADB0X97F80442',48),(49,'75AE2C','3R9CH1216GA182132',49),(50,'032RK7','WD3YD54306R948227',50),(51,'325RN7','WD3YE8A94D5779391',51),(52,'324RN7','WV1LH22E0D6028142',52),(53,'231RV1','WD3YE8A98CS681589',53),(54,'60RA7M','WV1LH22E9H6002466',54),(55,'031RK7','3CES5J12X65110579',55),(56,'949RK6','3CES5J12775113487',56),(57,'187RJ6','3CER8G12175119987',57),(58,'81RB9V','WMARR4ZZ6GC022294',58),(59,'774RM4','3CER8L229A5138530',59),(60,'087RP7','3MNR39B22DD000116',60),(61,'15RA1B','3MNR39D29HD000343',61),(62,'654EA7','3WKDDB0XX8F812208',62),(63,'261RP8','3HBBZSENSFL581464',63),(64,'265RP8','3HBBZSENXFL645692',64),(65,'749RP9','3MBAA2DM1FM051499',65),(66,'323RN7','3HBBZSEN6DL358542',66),(67,'095RP7','3HVBSCN47N550101',67),(68,'287RP8','3HBBZSEN4FL733007',68),(69,'288RP8','3HBBZSEN2FL733006',69),(70,'269RP8','3HBBZSEN6FL666569',70),(71,'597RR5','3HBBZSEN1GL109103',71),(72,'61RA7M','3HBBZSEN3HL516986',72),(73,'66RA5X','3HBBZC8N5KL289955',73),(74,'67RA5X','3HBBZC8N0KL290463',74),(75,'68RA5X','3HBBZC8N3KL290568',75),(76,'69RA5X','3HBBZD8N8KL290579',76),(77,'23RB4H','3HBBZC8N1KL291105',77),(78,'83RB4R','3HBBZC8N6KL713269',78),(79,'99RB4R','3HBBZC8N3KL707218',79),(80,'272RP8','3HNNZSEN6FL666555',80),(81,'11AE7M','3HSCXAPT5HN178351',81),(82,'18AX8X','3HSDZAPT8LN539112',82),(83,'05BB2P','3AKJHHD16RSUZ0516',83),(84,'733EZ2','3WKADB0X97F80442',84),(85,'75AE2C','3R9CH1216GA182132',85),(86,'032RK7','WD3YD54306R948227',86),(87,'325RN7','WD3YE8A94D5779391',87),(88,'324RN7','WV1LH22E0D6028142',88),(89,'231RV1','WD3YE8A98CS681589',89),(90,'60RA7M','WV1LH22E9H6002466',90),(91,'031RK7','3CES5J12X65110579',91),(92,'949RK6','3CES5J12775113487',92),(93,'187RJ6','3CER8G12175119987',93),(94,'81RB9V','WMARR4ZZ6GC022294',94),(95,'774RM4','3CER8L229A5138530',95),(96,'087RP7','3MNR39B22DD000116',96),(97,'15RA1B','3MNR39D29HD000343',97),(98,'654EA7','3WKDDB0XX8F812208',98),(99,'654EA7','3WKDDB0XX8F812208',99),(100,'PYD-654-D','Lanacy',100),(101,'PYD-654-D','Lanacy',101),(102,'PYD-654-D','Lanacy',102),(103,'43UU6M','4S9S3CZ34DP133636',103),(104,'39UU6M','4S9S3CZ35DP133631',104),(105,'37UU6M','4S9S3CZ37DP133596',105),(106,'2NT760A','4S9S3CZ33DP133694',106),(107,'4NS986A','4S9S3CZ35DP133628',107),(108,'570DT3','F466292',108),(109,'949EH8','3HSCNAPTX5N198287',109),(110,'33AS5S','1XP4D49X5DD210152',110),(111,'56AK8J','3WKDD40X1AF945201',111),(112,'90AB8W','2HSCNAPR07C306537',112),(113,'71BD5L','4V4NC9TH8FN185675',113),(114,'59AN7H','3HSCUAPR2AN223894',114),(115,'570DT3','F466292',115),(116,'949EH8','3HSCNAPTX5N198287',116),(117,'33AS5S','1XP4D49X5DD210152',117),(118,'56AK8J','3WKDD40X1AF945201',118),(119,'90AB8W','2HSCNAPR07C306537',119),(120,'71BD5L','4V4NC9TH8FN185675',120),(121,'59AN7H','3HSCUAPR2AN223894',121),(122,'892XN4','4U3J050384L004688',122),(123,'524XR9','1A9LC2245SA245295',123),(124,'771XS9','3S9BB53796F052110',124),(125,NULL,NULL,125),(126,'01AL9A','3WKDD40X994A1A',126),(127,'261RP8','3HBBZSENSFL581464',127),(128,'265RP8','3HBBZSENXFL645692',128),(129,'749RP9','3MBAA2DM1FM051499',129),(130,'323RN7','3HBBZSEN6DL358542',130),(131,'095RP7','3HVBSCN47N550101',131),(132,'287RP8','3HBBZSEN4FL733007',132),(133,'288RP8','3HBBZSEN2FL733006',133),(134,'269RP8','3HBBZSEN6FL666569',134),(135,'597RR5','3HBBZSEN1GL109103',135),(136,'61RA7M','3HBBZSEN3HL516986',136),(137,'66RA5X','3HBBZC8N5KL289955',137),(138,'67RA5X','3HBBZC8N0KL290463',138),(139,'68RA5X','3HBBZC8N3KL290568',139),(140,'69RA5X','3HBBZD8N8KL290579',140),(141,'23RB4H','3HBBZC8N1KL291105',141),(142,'83RB4R','3HBBZC8N6KL713269',142),(143,'99RB4R','3HBBZC8N3KL707218',143),(144,'272RP8','3HNNZSEN6FL666555',144),(145,'11AE7M','3HSCXAPT5HN178351',145),(146,'18AX8X','3HSDZAPT8LN539112',146),(147,'05BB2P','3AKJHHD16RSUZ0516',147),(148,'733EZ2','3WKADB0X97F80442',148),(149,'75AE2C','3R9CH1216GA182132',149),(150,'032RK7','WD3YD54306R948227',150),(151,'325RN7','WD3YE8A94D5779391',151),(152,'324RN7','WV1LH22E0D6028142',152),(153,'231RV1','WD3YE8A98CS681589',153),(154,'60RA7M','WV1LH22E9H6002466',154),(155,'83UF8K','3AQVA3035LZ111327',155),(156,'84UF8K','3AQVA3035LZ111328',156),(157,'47UF8K','3AQVA3036LZ111322',157),(158,'78UB1B','3T9RJ4234J1008003',158),(159,'20UH8A','3TCA2E365L1000434',159),(160,'76UB2B','3T9RJA23XJ1008183',160),(161,'35UT7F','1UYVS24801U503731',161),(162,'031RK7','3CES5J12X65110579',162),(163,'949RK6','3CES5J12775113487',163),(164,'187RJ6','3CER8G12175119987',164),(165,'81RB9V','WMARR4ZZ6GC022294',165),(166,'774RM4','3CER8L229A5138530',166),(167,'087RP7','3MNR39B22DD000116',167),(168,'15RA1B','3MNR39D29HD000343',168),(169,'05UU9F','1JJV532W95L926243',169),(170,'548DL2','DF257SMEB00727',170),(171,'538DL2','DF257SMEB00883',171),(172,'543DL2','DF257TMEB00389',172),(173,'546DL2','DF257TMEB00498',173),(174,'608AG6','DF257UMEB03066',174),(175,'PK6361B','454555.0',175),(176,'PK6364B','451232.0',176),(177,'370DL3','451423.0',177),(178,'550DL2','T-254AM0002042',178),(179,'PK6363B','199397.0',179),(180,'93BD3S','199479.0',180),(181,'373DL3','450747.0',181),(182,'456DL5','453163.0',182),(183,'PK6362B','453264.0',183),(184,'624DL2','462066.0',184),(185,'556DL2','464652.0',185),(186,'557DL2','464658.0',186),(187,'020DL5','464636.0',187),(188,'016DL5','T-254AM0002691',188),(189,'565DL2','464424.0',189),(190,'562DL2','464615.0',190),(191,'345DL2','4V29DBJHXVM883405',191),(192,'346DL2','4V29DBJH1VM883406',192),(193,'14AT6F','4V29DBJH3VM883407',193),(194,'360DL2','4V29DBJHXWM883745',194),(195,'356DL2','4V4ND5JH6YN247747',195),(196,'88AH7U','4V4ND5JHXYN247749',196),(197,'838AP8','4V4NC9TH83N346294',197),(198,'140DJ5','3HSCEAPT65N143304',198),(199,'23AK9M','3HSCEAPT86N202712',199);
/*!40000 ALTER TABLE `vehiculos` ENABLE KEYS */;
UNLOCK TABLES;

--
-- Table structure for table `verificaciones`
--

DROP TABLE IF EXISTS `verificaciones`;
/*!40101 SET @saved_cs_client     = @@character_set_client */;
/*!50503 SET character_set_client = utf8mb4 */;
CREATE TABLE `verificaciones` (
  `id_verificacion` int NOT NULL AUTO_INCREMENT,
  `id_vehiculo` int NOT NULL,
  `materia` enum('HUMO','MOTRIZ','ARRASTRE','GASOLINA','NULL') COLLATE utf8mb4_general_ci DEFAULT NULL,
  `verificentro` varchar(255) COLLATE utf8mb4_general_ci DEFAULT NULL,
  `precio` decimal(12,2) DEFAULT NULL,
  `fecha_folio` date DEFAULT (curdate()),
  `folio` varchar(50) COLLATE utf8mb4_general_ci DEFAULT NULL,
  PRIMARY KEY (`id_verificacion`),
  KEY `id_vehiculo` (`id_vehiculo`),
  CONSTRAINT `verificaciones_ibfk_1` FOREIGN KEY (`id_vehiculo`) REFERENCES `vehiculos` (`id_vehiculo`) ON DELETE CASCADE
) ENGINE=InnoDB AUTO_INCREMENT=200 DEFAULT CHARSET=utf8mb4 COLLATE=utf8mb4_general_ci;
/*!40101 SET character_set_client = @saved_cs_client */;

--
-- Dumping data for table `verificaciones`
--

LOCK TABLES `verificaciones` WRITE;
/*!40000 ALTER TABLE `verificaciones` DISABLE KEYS */;
INSERT INTO `verificaciones` VALUES (1,1,'HUMO','INPECCIONES',500.00,'2024-12-31',''),(2,2,'HUMO','INPECCIONES ALPUYECA',434.34,NULL,NULL),(3,3,'HUMO','SISTEMAS DE VERIFICACION',434.34,NULL,NULL),(4,4,'ARRASTRE','SISTEMAS DE VERIFICACION',800.00,NULL,NULL),(5,5,'ARRASTRE','SISTEMAS DE VERIFICACION',800.00,NULL,NULL),(6,6,'ARRASTRE','SISTEMAS DE VERIFICACION',800.00,NULL,NULL),(7,7,'MOTRIZ','SISTEMAS DE VERIFICACION',400.00,NULL,NULL),(8,8,'MOTRIZ','INPECCIONES ALPUYECA',900.00,NULL,NULL),(9,9,'MOTRIZ','INPECCIONES ALPUYECA',900.00,NULL,NULL),(10,10,'MOTRIZ','INPECCIONES ALPUYECA',900.00,NULL,NULL),(11,11,'MOTRIZ','INPECCIONES ALPUYECA',900.00,NULL,NULL),(12,12,'MOTRIZ','INPECCIONES ALPUYECA',900.00,NULL,NULL),(13,13,'MOTRIZ','INPECCIONES ALPUYECA',900.00,NULL,NULL),(14,14,'HUMO','INPECCIONES ALPUYECA',400.00,NULL,NULL),(15,15,'HUMO','INPECCIONES ALPUYECA',400.00,NULL,NULL),(16,16,'HUMO','INPECCIONES ALPUYECA',400.00,NULL,NULL),(17,17,'HUMO','SISTEMAS DE VERIFICACION',500.00,NULL,NULL),(18,18,'HUMO','SISTEMAS DE VERIFICACION',500.00,NULL,NULL),(19,19,'HUMO','SISTEMAS DE VERIFICACION',500.00,NULL,NULL),(20,20,'MOTRIZ','INPECCIONES ALPUYECA',900.00,NULL,NULL),(21,21,'MOTRIZ','INPECCIONES ALPUYECA',900.00,NULL,NULL),(22,22,'MOTRIZ','INPECCIONES ALPUYECA',900.00,NULL,NULL),(23,23,'MOTRIZ','INPECCIONES ALPUYECA',900.00,NULL,NULL),(24,24,'MOTRIZ','INPECCIONES ALPUYECA',900.00,NULL,NULL),(25,25,'MOTRIZ','INPECCIONES ALPUYECA',900.00,NULL,NULL),(26,26,'MOTRIZ','INPECCIONES ALPUYECA',434.34,NULL,NULL),(27,27,'HUMO','INSPECCIONES',500.00,NULL,NULL),(28,28,'HUMO','INSPECCIONES',500.00,NULL,NULL),(29,29,'HUMO','INSPECCIONES',500.00,NULL,NULL),(30,30,'HUMO','INSPECCIONES',500.00,NULL,NULL),(31,31,'HUMO','INSPECCIONES',500.00,NULL,NULL),(32,32,'HUMO','INSPECCIONES',500.00,NULL,NULL),(33,33,'HUMO','INSPECCIONES',500.00,NULL,NULL),(34,34,'HUMO','INSPECCIONES',500.00,NULL,NULL),(35,35,'HUMO','INSPECCIONES',500.00,NULL,NULL),(36,36,'HUMO','INSPECCIONES',500.00,NULL,NULL),(37,37,'HUMO','INSPECCIONES',500.00,NULL,NULL),(38,38,'HUMO','INSPECCIONES',500.00,NULL,NULL),(39,39,'HUMO','INSPECCIONES',500.00,NULL,NULL),(40,40,'HUMO','INSPECCIONES',500.00,NULL,NULL),(41,41,'HUMO','INSPECCIONES',500.00,NULL,NULL),(42,42,'HUMO','INSPECCIONES',500.00,NULL,NULL),(43,43,'HUMO','INSPECCIONES',500.00,NULL,NULL),(44,44,'HUMO','INSPECCIONES',500.00,NULL,NULL),(45,45,'HUMO','INSPECCIONES',500.00,NULL,NULL),(46,46,'HUMO','INSPECCIONES',500.00,NULL,NULL),(47,47,'HUMO','INSPECCIONES',500.00,NULL,NULL),(48,48,'HUMO','INSPECCIONES',500.00,NULL,NULL),(49,49,'HUMO','INSPECCIONES',500.00,NULL,NULL),(50,50,'HUMO','INSPECCIONES',500.00,NULL,NULL),(51,51,'HUMO','INSPECCIONES',500.00,NULL,NULL),(52,52,'HUMO','INSPECCIONES',500.00,NULL,NULL),(53,53,'HUMO','INSPECCIONES',500.00,NULL,NULL),(54,54,'HUMO','INSPECCIONES',500.00,NULL,NULL),(55,55,'HUMO','INSPECCIONES',500.00,NULL,NULL),(56,56,'HUMO','INSPECCIONES',500.00,NULL,NULL),(57,57,'HUMO','INSPECCIONES',500.00,NULL,NULL),(58,58,'HUMO','INSPECCIONES',500.00,NULL,NULL),(59,59,'HUMO','INSPECCIONES',500.00,NULL,NULL),(60,60,'HUMO','INSPECCIONES',500.00,NULL,NULL),(61,61,'HUMO','INSPECCIONES',500.00,NULL,NULL),(62,62,'HUMO','SIVEMOR',500.00,'2024-12-31',''),(63,63,'HUMO','INSPECCIONES',500.00,'2024-12-31',''),(64,64,'HUMO','INSPECCIONES',500.00,'2024-12-31',''),(65,65,'HUMO','INSPECCIONES',500.00,'2024-12-31',''),(66,66,'HUMO','INSPECCIONES',500.00,'2024-12-31',''),(67,67,'HUMO','INSPECCIONES',500.00,'2024-12-31',''),(68,68,'HUMO','INSPECCIONES',500.00,'2024-12-31',''),(69,69,'HUMO','INSPECCIONES',500.00,'2024-12-31',''),(70,70,'HUMO','INSPECCIONES',500.00,'2024-12-31',''),(71,71,'HUMO','INSPECCIONES',500.00,NULL,NULL),(72,72,'HUMO','INSPECCIONES',500.00,NULL,NULL),(73,73,'HUMO','INSPECCIONES',500.00,NULL,NULL),(74,74,'HUMO','INSPECCIONES',500.00,NULL,NULL),(75,75,'HUMO','INSPECCIONES',500.00,NULL,NULL),(76,76,'HUMO','INSPECCIONES',500.00,NULL,NULL),(77,77,'HUMO','INSPECCIONES',500.00,NULL,NULL),(78,78,'HUMO','INSPECCIONES',500.00,NULL,NULL),(79,79,'HUMO','INSPECCIONES',500.00,'2024-12-03',''),(80,80,'HUMO','INSPECCIONES',500.00,NULL,NULL),(81,81,'HUMO','INSPECCIONES',500.00,NULL,NULL),(82,82,'HUMO','INSPECCIONES',500.00,NULL,NULL),(83,83,'HUMO','INSPECCIONES',500.00,NULL,NULL),(84,84,'HUMO','INSPECCIONES',500.00,NULL,NULL),(85,85,'HUMO','INSPECCIONES',500.00,NULL,NULL),(86,86,'HUMO','INSPECCIONES',500.00,NULL,NULL),(87,87,'HUMO','INSPECCIONES',500.00,NULL,NULL),(88,88,'HUMO','INSPECCIONES',500.00,NULL,NULL),(89,89,'HUMO','INSPECCIONES',500.00,NULL,NULL),(90,90,'HUMO','INSPECCIONES',500.00,NULL,NULL),(91,91,'HUMO','INSPECCIONES',500.00,NULL,NULL),(92,92,'HUMO','INSPECCIONES',500.00,NULL,NULL),(93,93,'HUMO','INSPECCIONES',500.00,NULL,NULL),(94,94,'HUMO','INSPECCIONES',500.00,NULL,NULL),(95,95,'HUMO','INSPECCIONES',500.00,NULL,NULL),(96,96,'HUMO','INSPECCIONES',500.00,NULL,NULL),(97,97,'HUMO','INSPECCIONES',500.00,NULL,NULL),(98,98,'MOTRIZ','INPECCIONES',500.00,'2024-12-31',''),(99,99,'MOTRIZ','SIVEMOR',500.00,'2024-12-31',''),(100,100,'MOTRIZ','MARGARITAS',1203.45,NULL,NULL),(101,101,'MOTRIZ','MARGARITAS',1203.45,NULL,NULL),(102,102,'MOTRIZ','MARGARITAS',1203.45,'2025-10-02','N1213'),(103,103,'ARRASTRE','SIVEMOR',0.00,NULL,NULL),(104,104,'ARRASTRE','SIVEMOR',0.00,'2025-01-09','0'),(105,105,'ARRASTRE','SIVEMOR',0.00,NULL,NULL),(106,106,'ARRASTRE','SIVEMOR',0.00,NULL,NULL),(107,107,'ARRASTRE','SIVEMOR',0.00,NULL,NULL),(108,108,'HUMO','INPECCIONES',500.00,NULL,NULL),(109,109,'HUMO','INPECCIONES',500.00,NULL,NULL),(110,110,'HUMO','INPECCIONES',500.00,NULL,NULL),(111,111,'HUMO','INPECCIONES',500.00,NULL,NULL),(112,112,'HUMO','INPECCIONES',500.00,NULL,NULL),(113,113,'HUMO','INPECCIONES',500.00,NULL,NULL),(114,114,'HUMO','INPECCIONES',500.00,NULL,NULL),(115,115,'MOTRIZ','INPECCIONES',800.00,NULL,NULL),(116,116,'MOTRIZ','INPECCIONES',800.00,NULL,NULL),(117,117,'MOTRIZ','INPECCIONES',800.00,NULL,NULL),(118,118,'MOTRIZ','INPECCIONES',800.00,NULL,NULL),(119,119,'MOTRIZ','INPECCIONES',800.00,NULL,NULL),(120,120,'MOTRIZ','INPECCIONES',800.00,NULL,NULL),(121,121,'MOTRIZ','INPECCIONES',800.00,NULL,NULL),(122,122,'ARRASTRE','INPECCIONES',800.00,NULL,NULL),(123,123,'ARRASTRE','INPECCIONES',800.00,NULL,NULL),(124,124,'ARRASTRE','INPECCIONES',800.00,NULL,NULL),(125,125,'NULL',NULL,0.00,NULL,NULL),(126,126,'HUMO','SIVEMOR',500.00,'2025-01-02',''),(127,127,'MOTRIZ','INSPECCIONES',800.00,NULL,NULL),(128,128,'MOTRIZ','INSPECCIONES',800.00,NULL,NULL),(129,129,'MOTRIZ','INSPECCIONES',800.00,NULL,NULL),(130,130,'MOTRIZ','INSPECCIONES',800.00,NULL,NULL),(131,131,'MOTRIZ','INSPECCIONES',800.00,NULL,NULL),(132,132,'MOTRIZ','INSPECCIONES',800.00,NULL,NULL),(133,133,'MOTRIZ','INSPECCIONES',800.00,NULL,NULL),(134,134,'MOTRIZ','INSPECCIONES',800.00,NULL,NULL),(135,135,'MOTRIZ','INSPECCIONES',800.00,NULL,NULL),(136,136,'MOTRIZ','INSPECCIONES',800.00,NULL,NULL),(137,137,'MOTRIZ','INSPECCIONES',800.00,NULL,NULL),(138,138,'MOTRIZ','INSPECCIONES',800.00,NULL,NULL),(139,139,'MOTRIZ','INSPECCIONES',800.00,NULL,NULL),(140,140,'MOTRIZ','INSPECCIONES',800.00,NULL,NULL),(141,141,'MOTRIZ','INSPECCIONES',800.00,NULL,NULL),(142,142,'MOTRIZ','INSPECCIONES',800.00,NULL,NULL),(143,143,'MOTRIZ','INSPECCIONES',800.00,NULL,NULL),(144,144,'MOTRIZ','INSPECCIONES',800.00,NULL,NULL),(145,145,'MOTRIZ','INSPECCIONES',800.00,NULL,NULL),(146,146,'MOTRIZ','INSPECCIONES',800.00,NULL,NULL),(147,147,'MOTRIZ','INSPECCIONES',800.00,NULL,NULL),(148,148,'MOTRIZ','INSPECCIONES',800.00,NULL,NULL),(149,149,'MOTRIZ','INSPECCIONES',800.00,NULL,NULL),(150,150,'MOTRIZ','INSPECCIONES',800.00,NULL,NULL),(151,151,'MOTRIZ','INSPECCIONES',800.00,NULL,NULL),(152,152,'MOTRIZ','INSPECCIONES',800.00,NULL,NULL),(153,153,'MOTRIZ','INSPECCIONES',800.00,NULL,NULL),(154,154,'MOTRIZ','INSPECCIONES',800.00,NULL,NULL),(155,155,'ARRASTRE','INSPECCIONES',800.00,NULL,NULL),(156,156,'ARRASTRE','INSPECCIONES',800.00,NULL,NULL),(157,157,'ARRASTRE','INSPECCIONES',800.00,NULL,NULL),(158,158,'ARRASTRE','INSPECCIONES',800.00,NULL,NULL),(159,159,'ARRASTRE','INSPECCIONES',800.00,NULL,NULL),(160,160,'ARRASTRE','INSPECCIONES',800.00,NULL,NULL),(161,161,'ARRASTRE','INSPECCIONES',800.00,NULL,NULL),(162,162,'MOTRIZ','INSPECCIONES',800.00,NULL,NULL),(163,163,'MOTRIZ','INSPECCIONES',800.00,NULL,NULL),(164,164,'MOTRIZ','INSPECCIONES',800.00,NULL,NULL),(165,165,'MOTRIZ','INSPECCIONES',800.00,NULL,NULL),(166,166,'MOTRIZ','INSPECCIONES',800.00,NULL,NULL),(167,167,'MOTRIZ','INSPECCIONES',800.00,NULL,NULL),(168,168,'MOTRIZ','INSPECCIONES',800.00,NULL,NULL),(169,169,'ARRASTRE','INSPECCIONES',800.00,NULL,NULL),(170,170,'HUMO','INPECCIONES',434.28,NULL,NULL),(171,171,'HUMO','INPECCIONES',434.28,NULL,NULL),(172,172,'HUMO','INPECCIONES',434.28,NULL,NULL),(173,173,'HUMO','INPECCIONES',434.28,NULL,NULL),(174,174,'HUMO','INPECCIONES',434.28,NULL,NULL),(175,175,'HUMO','INPECCIONES',434.28,NULL,NULL),(176,176,'HUMO','INPECCIONES',434.28,NULL,NULL),(177,177,'HUMO','INPECCIONES',434.28,NULL,NULL),(178,178,'HUMO','INPECCIONES',434.28,NULL,NULL),(179,179,'HUMO','INPECCIONES',434.28,NULL,NULL),(180,180,'HUMO','INPECCIONES',434.28,NULL,NULL),(181,181,'HUMO','INPECCIONES',434.28,NULL,NULL),(182,182,'HUMO','INPECCIONES',434.28,NULL,NULL),(183,183,'HUMO','INPECCIONES',434.28,NULL,NULL),(184,184,'HUMO','INPECCIONES',434.28,NULL,NULL),(185,185,'HUMO','INPECCIONES',434.28,NULL,NULL),(186,186,'HUMO','INPECCIONES',434.28,NULL,NULL),(187,187,'HUMO','INPECCIONES',434.28,NULL,NULL),(188,188,'HUMO','INPECCIONES',434.28,NULL,NULL),(189,189,'HUMO','INPECCIONES',434.28,NULL,NULL),(190,190,'HUMO','INPECCIONES',434.28,NULL,NULL),(191,191,'HUMO','INPECCIONES',434.28,NULL,NULL),(192,192,'HUMO','INPECCIONES',434.28,NULL,NULL),(193,193,'HUMO','INPECCIONES',434.28,NULL,NULL),(194,194,'HUMO','INPECCIONES',434.28,NULL,NULL),(195,195,'HUMO','INPECCIONES',434.28,NULL,NULL),(196,196,'HUMO','INPECCIONES',434.28,NULL,NULL),(197,197,'HUMO','INPECCIONES',434.28,NULL,NULL),(198,198,'HUMO','INPECCIONES',434.28,NULL,NULL),(199,199,'HUMO','INPECCIONES',434.28,NULL,NULL);
/*!40000 ALTER TABLE `verificaciones` ENABLE KEYS */;
UNLOCK TABLES;
/*!40103 SET TIME_ZONE=@OLD_TIME_ZONE */;

/*!40101 SET SQL_MODE=@OLD_SQL_MODE */;
/*!40014 SET FOREIGN_KEY_CHECKS=@OLD_FOREIGN_KEY_CHECKS */;
/*!40014 SET UNIQUE_CHECKS=@OLD_UNIQUE_CHECKS */;
/*!40101 SET CHARACTER_SET_CLIENT=@OLD_CHARACTER_SET_CLIENT */;
/*!40101 SET CHARACTER_SET_RESULTS=@OLD_CHARACTER_SET_RESULTS */;
/*!40101 SET COLLATION_CONNECTION=@OLD_COLLATION_CONNECTION */;
/*!40111 SET SQL_NOTES=@OLD_SQL_NOTES */;

-- Dump completed on 2025-01-02 22:17:31
